{
  "id": "e3fff032-b506-4450-9593-8d4a60147c79",
  "name": "Airline",
  "isOverridable": true,
  "entries": [
    {
      "value": "авиакомпания",
      "synonyms": [
        "авиакомпания",
        "s7",
        "аэрофлот",
        "аэрофлотом",
        "ютэйр",
        "utair",
        "пулково"
      ]
    },
    {
      "value": "ваших",
      "synonyms": [
        "ваших"
      ]
    }
  ],
  "isEnum": false,
  "automatedExpansion": false
}