{
  "id": "9ccb20e7-6fc5-46d3-b1b1-f56cc5ff686c",
  "name": "airport",
  "isOverridable": true,
  "entries": [
    {
      "value": "Шереметьево",
      "synonyms": [
        "шереметьево"
      ]
    },
    {
      "value": "Домодедово",
      "synonyms": [
        "домодедово"
      ]
    },
    {
      "value": "Внуково",
      "synonyms": [
        "Внуково"
      ]
    },
    {
      "value": "Толмачёво",
      "synonyms": [
        "Толмачёво",
        "толмачево"
      ]
    },
    {
      "value": "Пулково",
      "synonyms": [
        "Пулково"
      ]
    },
    {
      "value": "толмачева",
      "synonyms": [
        "толмачева"
      ]
    }
  ],
  "isEnum": false,
  "automatedExpansion": false
}