{
  "id": "4724bd82-ba8a-49ab-9cb5-e1b0d6315768",
  "name": "booking",
  "isOverridable": true,
  "entries": [
    {
      "value": "бронирование",
      "synonyms": [
        "бронирование",
        "резервирование",
        "заказывание",
        "зарезервирование",
        "букирование",
        "забронировать",
        "зарезервировать",
        "заказать"
      ]
    },
    {
      "value": "заказ",
      "synonyms": [
        "заказ"
      ]
    },
    {
      "value": "бронь",
      "synonyms": [
        "бронь"
      ]
    }
  ],
  "isEnum": false,
  "automatedExpansion": false
}