{
  "id": "4db05d7d-2a44-4716-b9cc-b01f2e47f2e2",
  "name": "business-hall",
  "isOverridable": true,
  "entries": [
    {
      "value": "бизнес-зал",
      "synonyms": [
        "бизнес-зал"
      ]
    },
    {
      "value": "бизнес зале",
      "synonyms": [
        "бизнес зале"
      ]
    },
    {
      "value": "бизнесзал",
      "synonyms": [
        "бизнесзал"
      ]
    },
    {
      "value": "бизнес зала",
      "synonyms": [
        "бизнес зала"
      ]
    }
  ],
  "isEnum": false,
  "automatedExpansion": false
}