{
  "id": "d1534b4b-389f-4da8-9696-3c3a6366ba12",
  "name": "buyticket",
  "isOverridable": true,
  "entries": [
    {
      "value": "авиабилет",
      "synonyms": [
        "билет",
        "авиабилет",
        "тикет"
      ]
    },
    {
      "value": "покупка",
      "synonyms": [
        "покупка"
      ]
    },
    {
      "value": "билетик",
      "synonyms": [
        "билетик"
      ]
    }
  ],
  "isEnum": false,
  "automatedExpansion": false
}