{
  "id": "4529e8ec-e70f-4afb-affa-fe5e125c65ad",
  "name": "bye",
  "isOverridable": true,
  "entries": [
    {
      "value": "До свидания",
      "synonyms": [
        "До свидания",
        "пока",
        "чао",
        "до скорого",
        "свидимся",
        "бывай",
        "бывайте",
        "до встречи",
        "будь здоров",
        "будьте здоровы",
        "всех благ",
        "целую",
        "всего",
        "успехов",
        "всего хорошего",
        "всего доброго",
        "до новых встреч",
        "будь",
        "удачи",
        "прощевайте",
        "всего наилучшего",
        "счастливо",
        "до скорого свидания",
        "встретимся",
        "до связи",
        "бай",
        "бай-бай",
        "покедова",
        "покеда",
        "ариведерче",
        "гуд-бай",
        "адью",
        "все",
        "всё",
        "досвидания"
      ]
    }
  ],
  "isEnum": false,
  "automatedExpansion": false
}