{
  "id": "f258efed-4419-4d66-aa0f-ab8a005e3d21",
  "name": "Checkin",
  "isOverridable": true,
  "entries": [
    {
      "value": "Зарегистрироваться",
      "synonyms": [
        "регистрация",
        "регистрацию",
        "чекин",
        "зарегистрироваться",
        "пройти регистрацию",
        "зарегаться",
        "зачекиниться",
        "записаться",
        "оформиться",
        "отметиться",
        "регнуться",
        "зафиксироваться",
        "оформление",
        "записывание",
        "отмечание"
      ]
    }
  ],
  "isEnum": false,
  "automatedExpansion": false
}