{
  "id": "79bc1a47-25b7-4dbd-8271-2c85200b74da",
  "name": "collect",
  "isOverridable": true,
  "entries": [
    {
      "value": "накопить",
      "synonyms": [
        "накопить",
        "заработать",
        "собрать",
        "поднакопить",
        "нажить",
        "наэкономить",
        "прикопить",
        "подсобрать",
        "сшибить",
        "заслужить",
        "наварить",
        "зашибить",
        "наколотить",
        "настричь"
      ]
    }
  ],
  "isEnum": false,
  "automatedExpansion": false
}