{
  "id": "e5b7ba9a-e541-4e1b-8577-bd3753a097bc",
  "name": "departure",
  "isOverridable": true,
  "entries": [
    {
      "value": "Вылет",
      "synonyms": [
        "вылет",
        "вылета",
        "отлет",
        "отбытие",
        "старт",
        "отправление",
        "полет",
        "вылетание",
        "отбывание",
        "отлёт",
        "отправка",
        "расписание"
      ]
    },
    {
      "value": "посадки",
      "synonyms": [
        "посадки"
      ]
    }
  ],
  "isEnum": false,
  "automatedExpansion": false
}