{
  "id": "6204f4b7-9baf-47d8-9733-35539533f64d",
  "name": "discount",
  "isOverridable": true,
  "entries": [
    {
      "value": "акции",
      "synonyms": [
        "акция",
        "акции",
        "акцию",
        "скидка",
        "промоакция",
        "спецакция",
        "промоушен-акция",
        "суперакция",
        "интернет-акция",
        "бонус",
        "дисконт",
        "уменьшение",
        "специальные предложения"
      ]
    },
    {
      "value": "специальные предложения",
      "synonyms": [
        "спецпредложение",
        "специальное предложение"
      ]
    }
  ],
  "isEnum": false,
  "automatedExpansion": false
}