{
  "id": "3166752e-af62-47e6-a079-fa7d605d774a",
  "name": "gate",
  "isOverridable": true,
  "entries": [
    {
      "value": "выход",
      "synonyms": [
        "выход",
        "гейт",
        "гэйт",
        "выходе",
        "гейте",
        "гэйте",
        "выхода",
        "гейта",
        "гэйта"
      ]
    },
    {
      "value": "выходить",
      "synonyms": [
        "выходить"
      ]
    },
    {
      "value": "ворота",
      "synonyms": [
        "ворота"
      ]
    },
    {
      "value": "терминал",
      "synonyms": [
        "терминал"
      ]
    }
  ],
  "isEnum": false,
  "automatedExpansion": false
}