{
  "id": "b83a8a4c-bdf4-441c-bd85-e258d7bb6ac2",
  "name": "info",
  "isOverridable": true,
  "entries": [
    {
      "value": "Информация",
      "synonyms": [
        "информация",
        "информации",
        "информацию",
        "сведения",
        "сведений",
        "прилет",
        "расписание",
        "прилета",
        "расписания"
      ]
    }
  ],
  "isEnum": false,
  "automatedExpansion": false
}