{
  "id": "91f7743c-7d11-47f0-b822-105194267978",
  "name": "lost",
  "isOverridable": true,
  "entries": [
    {
      "value": "утерян",
      "synonyms": [
        "потеря",
        "потерял",
        "потеряла",
        "потерялся",
        "утерян",
        "утрачен",
        "лишиться",
        "лишился",
        "исчезновение",
        "утрата"
      ]
    }
  ],
  "isEnum": false,
  "automatedExpansion": false
}