{
  "id": "bdf35b62-d6d6-4c15-82a8-15639c7d7b83",
  "name": "luggage",
  "isOverridable": true,
  "entries": [
    {
      "value": "багаж",
      "synonyms": [
        "багаж",
        "багажа",
        "багажом",
        "багаже",
        "вещь",
        "вещи",
        "груз",
        "кладь",
        "имущество",
        "барахло",
        "шмотки",
        "пожитки",
        "ручная кладь",
        "провоз"
      ]
    },
    {
      "value": "в ручной клади",
      "synonyms": [
        "в ручной клади"
      ]
    },
    {
      "value": "в салоне",
      "synonyms": [
        "в салоне"
      ]
    }
  ],
  "isEnum": false,
  "automatedExpansion": false
}