{
  "id": "03bff164-fcff-4874-930d-02f270df3a49",
  "name": "number_adult",
  "isOverridable": true,
  "entries": [
    {
      "value": "взрослый",
      "synonyms": [
        "взрослый",
        "взрослые"
      ]
    },
    {
      "value": "ноль",
      "synonyms": [
        "ноль",
        "0"
      ]
    },
    {
      "value": "один",
      "synonyms": [
        "один",
        "1"
      ]
    },
    {
      "value": "два",
      "synonyms": [
        "два",
        "2",
        "двое"
      ]
    },
    {
      "value": "три",
      "synonyms": [
        "три",
        "3",
        "трое"
      ]
    },
    {
      "value": "четыре",
      "synonyms": [
        "четыре",
        "4",
        "четверо"
      ]
    },
    {
      "value": "пять",
      "synonyms": [
        "пять",
        "5",
        "пятеро"
      ]
    },
    {
      "value": "двоих взрослых",
      "synonyms": [
        "двоих взрослых"
      ]
    }
  ],
  "isEnum": false,
  "automatedExpansion": false
}