{
  "id": "dc2071fb-3b6a-42e8-a661-ce5afda5efd2",
  "name": "number_child",
  "isOverridable": true,
  "entries": [
    {
      "value": "ноль",
      "synonyms": [
        "ноль",
        "0",
        "нет"
      ]
    },
    {
      "value": "один",
      "synonyms": [
        "один",
        "1"
      ]
    },
    {
      "value": "два",
      "synonyms": [
        "два",
        "2",
        "двое"
      ]
    },
    {
      "value": "три",
      "synonyms": [
        "три",
        "3",
        "трое"
      ]
    },
    {
      "value": "четыре",
      "synonyms": [
        "четыре",
        "4",
        "четверо"
      ]
    },
    {
      "value": "пять",
      "synonyms": [
        "пять",
        "5",
        "пятеро"
      ]
    },
    {
      "value": "одного ребенка",
      "synonyms": [
        "одного ребенка"
      ]
    }
  ],
  "isEnum": false,
  "automatedExpansion": false
}