{
  "id": "fa531761-a2e4-4514-a1b4-0c9605b04e88",
  "name": "number_enfant",
  "isOverridable": true,
  "entries": [
    {
      "value": "ноль",
      "synonyms": [
        "ноль",
        "0",
        "нет",
        "нету"
      ]
    },
    {
      "value": "один",
      "synonyms": [
        "один",
        "1"
      ]
    },
    {
      "value": "два",
      "synonyms": [
        "два",
        "2",
        "двое"
      ]
    },
    {
      "value": "три",
      "synonyms": [
        "три",
        "3",
        "трое"
      ]
    },
    {
      "value": "четыре",
      "synonyms": [
        "четыре",
        "4",
        "четверо"
      ]
    },
    {
      "value": "пять",
      "synonyms": [
        "пять",
        "5",
        "пятеро"
      ]
    }
  ],
  "isEnum": false,
  "automatedExpansion": false
}