{
  "id": "b5bf3173-7cd5-4f5b-bd79-5dcce016ee23",
  "name": "prohibited_baggage",
  "isOverridable": true,
  "entries": [
    {
      "value": "Нельзя перевозить",
      "synonyms": [
        "запрещенный багаж",
        "запрещенная кладь",
        "запрещенную",
        "запрещенная",
        "запрещенный",
        "запрещенной",
        "Нельзя перевозить",
        "запрещено",
        "нельзя",
        "неразрешенный",
        "воспрещаться",
        "невозможно",
        "исключить",
        "исключаться",
        "не допустимо",
        "не допускается",
        "воспрещено",
        "воспрещается",
        "запрещаться"
      ]
    }
  ],
  "isEnum": false,
  "automatedExpansion": false
}