{
  "id": "9d23a84c-e88d-4ec0-a095-8a63d38e6de8",
  "name": "registration",
  "isOverridable": true,
  "entries": [
    {
      "value": "регистрация",
      "synonyms": [
        "регистрация",
        "зарегистрироваться",
        "запись",
        "записаться",
        "оформление",
        "регистрирование",
        "зарегистрирование",
        "записывание",
        "саморегистрация",
        "онлайн регистрация",
        "зарегистрироваться онлайн"
      ]
    },
    {
      "value": "самостоятельно",
      "synonyms": [
        "самостоятельно"
      ]
    },
    {
      "value": "online registration",
      "synonyms": [
        "online registration"
      ]
    }
  ],
  "isEnum": false,
  "automatedExpansion": false
}