{
  "id": "8de09934-9c5b-487e-90c7-e908945069c2",
  "name": "transfer",
  "isOverridable": true,
  "entries": [
    {
      "value": "трансфер",
      "synonyms": [
        "трансфер",
        "из аэропорта",
        "в аэропорт",
        "в город",
        "из города",
        "до города",
        "до аэропорта",
        "из города в аэропорт",
        "из аэропорта в город"
      ]
    }
  ],
  "isEnum": false,
  "automatedExpansion": false
}