{
  "id": "246d558c-d3e3-4faf-bb37-cbdb4ec2ea74",
  "name": "bank",
  "isOverridable": true,
  "entries": [
    {
      "value": "bank",
      "synonyms": [
        "bank"
      ]
    },
    {
      "value": "alfa bank",
      "synonyms": [
        "alfa bank",
        "alfa"
      ]
    },
    {
      "value": "vtb 24",
      "synonyms": [
        "vtb 24",
        "vtb"
      ]
    },
    {
      "value": "sberbank",
      "synonyms": [
        "sberbank",
        "sber"
      ]
    },
    {
      "value": "binbank",
      "synonyms": [
        "binbank",
        "mdm"
      ]
    }
  ],
  "isEnum": false,
  "automatedExpansion": false
}