{
  "id": "7ca0248f-7212-40ca-91b2-0b89dff30de1",
  "name": "currency-type",
  "isOverridable": true,
  "entries": [
    {
      "value": "dollar",
      "synonyms": [
        "dollar",
        "$",
        "dollars",
        "USD",
        "buck",
        "dolly",
        "greenback",
        "green"
      ]
    },
    {
      "value": "rubles",
      "synonyms": [
        "rubles",
        "r",
        "rub",
        "₽",
        "RUB"
      ]
    },
    {
      "value": "euro",
      "synonyms": [
        "euro",
        "€",
        "EUR"
      ]
    },
    {
      "value": "CHF",
      "synonyms": [
        "CHF",
        "swissy",
        "₣",
        "swiss frank"
      ]
    },
    {
      "value": "CAD",
      "synonyms": [
        "CAD",
        "С$",
        "canadian dollar"
      ]
    },
    {
      "value": "pound",
      "synonyms": [
        "pound",
        "GBP",
        "£",
        "sterling",
        "cable"
      ]
    },
    {
      "value": "JPY",
      "synonyms": [
        "JPY",
        "¥",
        "yen",
        "japanese yen"
      ]
    }
  ],
  "isEnum": false,
  "automatedExpansion": false
}