{
  "id": "b42dbe71-9b52-4f67-a5f5-d63ac0cf5154",
  "name": "loan",
  "isOverridable": true,
  "entries": [
    {
      "value": "mortgage",
      "synonyms": [
        "mortgage"
      ]
    },
    {
      "value": "hypothec",
      "synonyms": [
        "hypothec"
      ]
    },
    {
      "value": "auto loan",
      "synonyms": [
        "auto loan",
        "autoloan"
      ]
    },
    {
      "value": "educational loan",
      "synonyms": [
        "educational loan"
      ]
    },
    {
      "value": "treatment loan",
      "synonyms": [
        "treatment loan"
      ]
    },
    {
      "value": "treatment",
      "synonyms": [
        "treatment"
      ]
    },
    {
      "value": "education",
      "synonyms": [
        "education"
      ]
    },
    {
      "value": "shopping",
      "synonyms": [
        "shopping"
      ]
    },
    {
      "value": "marriage",
      "synonyms": [
        "marriage"
      ]
    },
    {
      "value": "buy",
      "synonyms": [
        "buy",
        "buy car",
        "buy house",
        "buy horse"
      ]
    }
  ],
  "isEnum": false,
  "automatedExpansion": true
}