{
  "id": "9431091d-123d-47d0-b563-57f9b9cef1ba",
  "name": "name",
  "isOverridable": true,
  "entries": [
    {
      "value": "anna",
      "synonyms": [
        "anna"
      ]
    },
    {
      "value": "pavel",
      "synonyms": [
        "pavel"
      ]
    },
    {
      "value": "olga",
      "synonyms": [
        "olga"
      ]
    },
    {
      "value": "maria",
      "synonyms": [
        "maria"
      ]
    },
    {
      "value": "elena",
      "synonyms": [
        "elena"
      ]
    },
    {
      "value": "peter",
      "synonyms": [
        "peter"
      ]
    },
    {
      "value": "ivan",
      "synonyms": [
        "ivan"
      ]
    },
    {
      "value": "yuri",
      "synonyms": [
        "yuri"
      ]
    },
    {
      "value": "eugenia",
      "synonyms": [
        "eugenia"
      ]
    },
    {
      "value": "ilnur",
      "synonyms": [
        "ilnur"
      ]
    }
  ],
  "isEnum": false,
  "automatedExpansion": true
}