{
  "id": "d67efd6a-3a84-4672-a94a-70af35e0ca7c",
  "name": "period",
  "isOverridable": true,
  "entries": [
    {
      "value": "day",
      "synonyms": [
        "day"
      ]
    },
    {
      "value": "month",
      "synonyms": [
        "month",
        "a month"
      ]
    },
    {
      "value": "year",
      "synonyms": [
        "year"
      ]
    },
    {
      "value": "week",
      "synonyms": [
        "week"
      ]
    },
    {
      "value": "quarter",
      "synonyms": [
        "quarter"
      ]
    },
    {
      "value": "a month",
      "synonyms": [
        "a month"
      ]
    },
    {
      "value": "half a year",
      "synonyms": [
        "half a year",
        "half year"
      ]
    },
    {
      "value": "half a month",
      "synonyms": [
        "half a month",
        "half month"
      ]
    }
  ],
  "isEnum": false,
  "automatedExpansion": true
}