{
  "id": "97180096-fab1-47b6-b7c2-2d0a2e95253f",
  "name": "recipient",
  "isOverridable": true,
  "entries": [
    {
      "value": "recipient",
      "synonyms": [
        "recipient"
      ]
    },
    {
      "value": "reciever",
      "synonyms": [
        "reciever"
      ]
    },
    {
      "value": "adressee",
      "synonyms": [
        "adressee"
      ]
    },
    {
      "value": "mother",
      "synonyms": [
        "mother"
      ]
    },
    {
      "value": "father",
      "synonyms": [
        "father"
      ]
    },
    {
      "value": "sister",
      "synonyms": [
        "sister"
      ]
    },
    {
      "value": "another account",
      "synonyms": [
        "another account"
      ]
    },
    {
      "value": "other bank client",
      "synonyms": [
        "other bank client"
      ]
    }
  ],
  "isEnum": false,
  "automatedExpansion": false
}