{
  "id": "ba0b23c6-58ca-407b-b0c0-71425476ee2a",
  "name": "service",
  "isOverridable": true,
  "entries": [
    {
      "value": "internet",
      "synonyms": [
        "internet"
      ]
    },
    {
      "value": "TV",
      "synonyms": [
        "TV"
      ]
    },
    {
      "value": "housing and utilities",
      "synonyms": [
        "housing and utilities"
      ]
    },
    {
      "value": "nursery",
      "synonyms": [
        "nursery"
      ]
    },
    {
      "value": "taxes",
      "synonyms": [
        "taxes"
      ]
    },
    {
      "value": "duty",
      "synonyms": [
        "duty"
      ]
    },
    {
      "value": "fine",
      "synonyms": [
        "fine",
        "penalty"
      ]
    },
    {
      "value": "gas",
      "synonyms": [
        "gas"
      ]
    },
    {
      "value": "water",
      "synonyms": [
        "water"
      ]
    },
    {
      "value": "light",
      "synonyms": [
        "light"
      ]
    },
    {
      "value": "electricity",
      "synonyms": [
        "electricity"
      ]
    },
    {
      "value": "repair",
      "synonyms": [
        "repair",
        "repairs",
        "maintenance",
        "repairing"
      ]
    }
  ],
  "isEnum": false,
  "automatedExpansion": true
}