{
  "id": "898f5121-3f83-4d46-ac05-95ca32a499dd",
  "name": "Ambulance",
  "isOverridable": true,
  "entries": [
    {
      "value": "Скорой помощью",
      "synonyms": [
        "Скорая помощь",
        "болит",
        "болею",
        "рожаю",
        "самочувствие",
        "простуда",
        "грипп",
        "врач",
        "доктор",
        "температура",
        "жар",
        "врача",
        "доктора",
        "болеем",
        "рожаем",
        "скорая",
        "скорую",
        "инсульт",
        "инфаркт",
        "порез",
        "ожог",
        "остановка сердца",
        "остановке сердца",
        "инсульте",
        "инфаркте",
        "порезе",
        "ожоге",
        "приступ",
        "приступе",
        "простуда",
        "простуде",
        "орви",
        "жаре",
        "температуре",
        "гриппе",
        "кашель",
        "кашле",
        "перелом",
        "переломе",
        "травма",
        "травме",
        "ушиб",
        "ушибе",
        "растяжение",
        "растяжении",
        "вывих",
        "вывихе",
        "болячка",
        "болячке"
      ]
    }
  ],
  "isEnum": false,
  "automatedExpansion": false
}