{
  "id": "6565acf2-564f-4143-a56d-cacd3c9b9e1c",
  "name": "Fire",
  "isOverridable": true,
  "entries": [
    {
      "value": "Спасателями",
      "synonyms": [
        "Спасатели",
        "пожар",
        "горим",
        "горю",
        "дтп",
        "тонем",
        "заливает",
        "шторм",
        "буран",
        "землетрясение",
        "цунами",
        "вулкан",
        "чп",
        "тону",
        "потоп",
        "пожарная",
        "пожарные",
        "крушение",
        "крушении",
        "потопе",
        "буране",
        "шторме",
        "метели",
        "пожаре",
        "горит",
        "возгорание",
        "возгорании",
        "тонет",
        "тонут",
        "горят"
      ]
    }
  ],
  "isEnum": false,
  "automatedExpansion": false
}