{
  "id": "d895849c-bd1f-4281-8491-671244755d1d",
  "name": "MyAddress",
  "isOverridable": true,
  "entries": [
    {
      "value": "адресу",
      "synonyms": [
        "по адресу",
        "адрес",
        "пришлите",
        "проживаю",
        "живу",
        "прописан",
        "нахожусь",
        "адресу",
        "нахожусь по адресу",
        "проживаю по адресу",
        "проживаем",
        "прописаны",
        "живем",
        "живем по адресу",
        "находимся по адресу",
        "я в",
        "я на"
      ]
    },
    {
      "value": "улица",
      "synonyms": [
        "улица",
        "улице",
        "на улице"
      ]
    }
  ],
  "isEnum": false,
  "automatedExpansion": false
}