{
  "id": "50408724-5928-4f3c-a3c0-d6a9bacbfed3",
  "name": "Police",
  "isOverridable": true,
  "entries": [
    {
      "value": "Полицией",
      "synonyms": [
        "Полиция",
        "грабят",
        "убивают",
        "насилуют",
        "бандиты",
        "воры",
        "грабители",
        "преследуют",
        "бандитов",
        "воров",
        "грабителей",
        "оружие",
        "пистолет",
        "пистолетом",
        "оружием",
        "нож",
        "ножом"
      ]
    }
  ],
  "isEnum": false,
  "automatedExpansion": false
}