{
  "id": "f19e20cf-1cfa-4fcc-b33d-7254bd0e0154",
  "name": "Warning",
  "isOverridable": true,
  "entries": [
    {
      "value": "Штормовых предупреждений",
      "synonyms": [
        "Штормовых предупреждений",
        "шторм",
        "предупреждение",
        "заморозки",
        "холод",
        "холодно",
        "мороз",
        "сильный ветер",
        "ураган",
        "метель",
        "буран",
        "гололед",
        "паводок",
        "скользко"
      ]
    }
  ],
  "isEnum": false,
  "automatedExpansion": false
}