{
  "id": "0fb21eae-5962-464d-a3d2-1153088b55e3",
  "name": "Welcome",
  "isOverridable": true,
  "entries": [
    {
      "value": "Здравствуйте",
      "synonyms": [
        "Здравствуйте",
        "хай",
        "привет",
        "салют",
        "здрасте",
        "здрасьте",
        "хелло",
        "хело",
        "хеллоу"
      ]
    },
    {
      "value": "До свидания",
      "synonyms": [
        "До свидания",
        "пока",
        "увидимся",
        "чао",
        "бывай",
        "бывайте",
        "до скорого"
      ]
    }
  ],
  "isEnum": false,
  "automatedExpansion": false
}