{
  "id": "637e64c6-aad9-4bd2-a000-dcf5036282c4",
  "name": "bank",
  "isOverridable": true,
  "entries": [
    {
      "value": "банк",
      "synonyms": [
        "банк"
      ]
    },
    {
      "value": "банкомат",
      "synonyms": [
        "банкомат"
      ]
    },
    {
      "value": "альфа банк",
      "synonyms": [
        "альфа банк",
        "альфа"
      ]
    },
    {
      "value": "ВТБ 24",
      "synonyms": [
        "ВТБ 24",
        "втб"
      ]
    },
    {
      "value": "Сбербанк",
      "synonyms": [
        "Сбербанк",
        "Сбер"
      ]
    },
    {
      "value": "Бинбанк",
      "synonyms": [
        "Бинбанк"
      ]
    },
    {
      "value": "офиса",
      "synonyms": [
        "офиса"
      ]
    }
  ],
  "isEnum": false,
  "automatedExpansion": false
}