{
  "id": "77cbe191-25b8-44df-8220-672f0ed3a278",
  "name": "cards",
  "isOverridable": true,
  "entries": [
    {
      "value": "cards",
      "synonyms": [
        "карта",
        "карту",
        "карте"
      ]
    },
    {
      "value": "кредитную",
      "synonyms": [
        "кредитную"
      ]
    },
    {
      "value": "дебетовую",
      "synonyms": [
        "дебетовую"
      ]
    }
  ],
  "isEnum": false,
  "automatedExpansion": false
}