{
  "id": "6a57ff1f-d164-4b3d-b295-3b732dbb3624",
  "name": "currency-type",
  "isOverridable": true,
  "entries": [
    {
      "value": "доллары",
      "synonyms": [
        "dollar",
        "доллар",
        "$",
        "USD",
        "зеленые"
      ]
    },
    {
      "value": "рубли",
      "synonyms": [
        "rubles",
        "рубль",
        "руб",
        "₽",
        "RUB"
      ]
    },
    {
      "value": "евро",
      "synonyms": [
        "euro",
        "€",
        "EUR",
        "евро"
      ]
    },
    {
      "value": "франки",
      "synonyms": [
        "швейцарский франк",
        "CHF",
        "₣",
        "франк"
      ]
    },
    {
      "value": "каннадские доллары",
      "synonyms": [
        "каннадский доллар",
        "CAD"
      ]
    },
    {
      "value": "фунты",
      "synonyms": [
        "фунт",
        "pound",
        "GBP",
        "£"
      ]
    },
    {
      "value": "йены",
      "synonyms": [
        "йена",
        "JPY",
        "¥",
        "yen"
      ]
    }
  ],
  "isEnum": false,
  "automatedExpansion": true
}