{
  "id": "0691fc74-551c-4a68-9d9a-90c852f5a20e",
  "name": "deposit",
  "isOverridable": true,
  "entries": [
    {
      "value": "deposit",
      "synonyms": [
        "deposit",
        "вклад"
      ]
    },
    {
      "value": "накопить",
      "synonyms": [
        "накопить"
      ]
    },
    {
      "value": "деньги",
      "synonyms": [
        "деньги"
      ]
    },
    {
      "value": "больше денег",
      "synonyms": [
        "больше денег"
      ]
    }
  ],
  "isEnum": false,
  "automatedExpansion": false
}