{
  "id": "70da32fc-b737-480e-a829-58e12ea2ac5e",
  "name": "discount",
  "isOverridable": true,
  "entries": [
    {
      "value": "discount",
      "synonyms": [
        "discount",
        "акции",
        "скидки"
      ]
    },
    {
      "value": "Что нового",
      "synonyms": [
        "Что нового"
      ]
    },
    {
      "value": "Выгодные предложения",
      "synonyms": [
        "Выгодные предложения"
      ]
    },
    {
      "value": "сэкономить",
      "synonyms": [
        "сэкономить"
      ]
    }
  ],
  "isEnum": false,
  "automatedExpansion": false
}