{
  "id": "7c9e491c-e731-486f-b112-1fc6f31a80b1",
  "name": "hello",
  "isOverridable": true,
  "entries": [
    {
      "value": "привет",
      "synonyms": [
        "привет",
        "здравствуйте",
        "добрый день"
      ]
    },
    {
      "value": "Хай",
      "synonyms": [
        "Хай"
      ]
    },
    {
      "value": "Здрасьте",
      "synonyms": [
        "Здрасьте"
      ]
    }
  ],
  "isEnum": false,
  "automatedExpansion": false
}