{
  "id": "9e24fe37-b119-4a52-b7c2-1662de130f18",
  "name": "loan",
  "isOverridable": true,
  "entries": [
    {
      "value": "кредит",
      "synonyms": [
        "ипотека",
        "автокредит",
        "потребительский кредит",
        "кредит на обучение",
        "кредит на лечение"
      ]
    },
    {
      "value": "взять кредит",
      "synonyms": [
        "взять кредит"
      ]
    },
    {
      "value": "нужны деньги",
      "synonyms": [
        "нужны деньги"
      ]
    }
  ],
  "isEnum": false,
  "automatedExpansion": false
}