{
  "id": "0bc8c361-e08d-4e5f-9818-c7f713b323f9",
  "name": "recipient",
  "isOverridable": true,
  "entries": [
    {
      "value": "получатель",
      "synonyms": [
        "получатель"
      ]
    },
    {
      "value": "адресат",
      "synonyms": [
        "адресат"
      ]
    },
    {
      "value": "родственник",
      "synonyms": [
        "мама",
        "папа",
        "брат",
        "сестра"
      ]
    },
    {
      "value": "другой счет",
      "synonyms": [
        "другой счет"
      ]
    },
    {
      "value": "клиент другого банка",
      "synonyms": [
        "клиент другого банка"
      ]
    }
  ],
  "isEnum": false,
  "automatedExpansion": false
}