{
  "id": "e447ed78-7428-445d-9e8a-74cd7f19161f",
  "name": "service",
  "isOverridable": true,
  "entries": [
    {
      "value": "услуги",
      "synonyms": [
        "услуги",
        "услуг"
      ]
    },
    {
      "value": "квартплата",
      "synonyms": [
        "квартплата",
        "квартплату",
        "ЖКХ",
        "жилье",
        "жилья"
      ]
    },
    {
      "value": "интернет",
      "synonyms": [
        "интернет"
      ]
    },
    {
      "value": "тв",
      "synonyms": [
        "тв",
        "ТВ",
        "TV",
        "телевидение"
      ]
    },
    {
      "value": "штраф",
      "synonyms": [
        "штраф",
        "штрафы"
      ]
    },
    {
      "value": "налог",
      "synonyms": [
        "налог",
        "налоги",
        "налогов"
      ]
    },
    {
      "value": "учеба",
      "synonyms": [
        "учеба",
        "за учебу"
      ]
    },
    {
      "value": "лечение",
      "synonyms": [
        "лечение",
        "лечения"
      ]
    }
  ],
  "isEnum": false,
  "automatedExpansion": true
}